Workbook

Sheet opponents_table
G1: CELESTE HARBOUR 1 | K1: CELESTE HARBOUR 2 | O1: CELESTE HARBOUR 3 | S1: CELESTE HARBOUR 4 | W1: CELESTE HARBOUR VERDANT FOREST 5 | AA1: CELESTE HARBOUR VERDANT FOREST 6 | AE1: CELESTE HARBOUR VERDANT FOREST 7 | AI1: CELESTE HARBOUR VERDANT FOREST 8 | AM1: GYM CHALLENGE 9 | AQ1: GYM CHALLENGE 10 | AU1: GYM CHALLENGE 11 | AY1: GYM CHALLENGE 12 | BC1: GYM CHALLENGE 13 | BG1: GYM CHALLENGE 14 | BK1: GYM CHALLENGE 15
G2: Morn 1 | H2: After 1 | I2: Eve 1 | J2: Nite 1 | K2: Morn 2 | L2: After 2 | M2: Eve 2 | N2: Nite 2 | O2: Morn 3 | P2: After 3 | Q2: Eve 3 | R2: Nite 3 | S2: Morn 4 | T2: After 4 | U2: Eve 4 | V2: Nite 4 | W2: Morn 5 | X2: After 5 | Y2: Eve 5 | Z2: Nite 5 | AA2: Morn 6 | AB2: After 6 | AC2: Eve 6 | AD2: Nite 6 | AE2: Morn 7 | AF2: After 7 | AG2: Eve 7 | AH2: Nite 7 | AI2: Morn8 | AJ2: After 8 | AK2: Eve 8 | AL2: Nite 8 | AM2: Morn9 | AN2: After 9 | AO2: Eve 9 | AP2: Nite 9 | AQ2: Morn10 | AR2: After 10 | AS2: Eve 10 | AT2: Nite 10 | AU2: Morn 11 | AV2: After 11 | AW2: Eve 11 | AX2: Nite 11 | AY2: Morn12 | AZ2: After 12 | BA2: Eve 12 | BB2: Nite 12 | BC2: Morn13 | BD2: After 13 | BE2: Eve 13 | BF2: Nite 13 | BG2: Morn14 | BH2: After 14 | BI2: Eve 14 | BJ2: Nite 14 | BK2: Morn 15 | BL2: After 15 | BM2: Eve 15 | BN2: Nite 15
B3: CELESTE HARBOUR | D3: New opponents added | G3: =COUNTIF(G11:G58,"✅") -> 5 | H3: =COUNTIF(H11:H58,"✅") -> 2 | I3: =COUNTIF(I11:I58,"✅") -> 2 | J3: =COUNTIF(J11:J58,"✅") -> 0 | K3: =COUNTIF(K11:K58,"✅") -> 5 | L3: =COUNTIF(L11:L58,"✅") -> 3 | M3: =COUNTIF(M11:M58,"✅") -> 4 | N3: =COUNTIF(N11:N58,"✅") -> 2 | ... BN3: =COUNTIF(BN11:BN58,"✅") -> 0
D4: Total opponents available at this time | G4: =COUNTIF(G11:G58,"✅")+COUNTIF(G11:G58,"✔️") -> 5 | H4: =COUNTIF(H11:H58,"✅")+COUNTIF(H11:H58,"✔️") -> 7 | I4: =COUNTIF(I11:I58,"✅")+COUNTIF(I11:I58,"✔️") -> 9 | J4: =COUNTIF(J11:J58,"✅")+COUNTIF(J11:J58,"✔️") -> 4 | K4: =COUNTIF(K11:K58,"✅")+COUNTIF(K11:K58,"✔️") -> 7 | L4: =COUNTIF(L11:L58,"✅")+COUNTIF(L11:L58,"✔️") -> 9 | M4: =COUNTIF(M11:M58,"✅")+COUNTIF(M11:M58,"✔️") -> 11 | N4: =COUNTIF(N11:N58,"✅")+COUNTIF(N11:N58,"✔️") -> 7 | ... BN4: =COUNTIF(BN11:BN58,"✅")+COUNTIF(BN11:BN58,"✔️") -> 10
B6: VERDANT FOREST | D6: New opponents added | G6: 0 | H6: 0 | I6: 0 | J6: 0 | K6: 0 | M6: 0 | N6: 0 | O6: 0 | P6: 0 | Q6: 0 | R6: 0 | S6: 0 | T6: 0 | U6: 0 | V6: 0 | W6: =COUNTIF(W60:W116,"✅") -> 7 | X6: =COUNTIF(X60:X116,"✅") -> 3 | Y6: =COUNTIF(Y60:Y116,"✅") -> 4 | Z6: =COUNTIF(Z60:Z116,"✅") -> 2 | AA6: =COUNTIF(AA60:AA116,"✅") -> 6 | AB6: =COUNTIF(AB60:AB116,"✅") -> 3 | AC6: =COUNTIF(AC60:AC116,"✅") -> 4 | AD6: =COUNTIF(AD60:AD116,"✅") -> 3 | ... AL6: =COUNTIF(AL60:AL116,"✅") -> 0 | AM6: =COUNTIF(AM60:AM124,"✅") -> 8 | AN6: =COUNTIF(AN60:AN116,"✅") -> 0 | AO6: =COUNTIF(AO60:AO116,"✅") -> 0 | AP6: =COUNTIF(AP60:AP116,"✅") -> 0 | AQ6: =COUNTIF(AQ60:AQ120,"✅") -> 0 | AR6: =COUNTIF(AR60:AR116,"✅") -> 0 | AS6: =COUNTIF(AS60:AS116,"✅") -> 0 | AT6: =COUNTIF(AT60:AT116,"✅") -> 0 | AU6: =COUNTIF(AU60:AU116,"✅") -> 0 | AV6: =COUNTIF(AV60:AV116,"✅") -> 0 | AW6: =COUNTIF(AW60:AW116,"✅") -> 0 | AX6: =COUNTIF(AX60:AX116,"✅") -> 0 | AY6: =COUNTIF(AY60:AY116,"✅") -> 0 | ... BB6: =COUNTIF(BB60:BB116,"✅") -> 0 | BC6: =COUNTIF(BC60:BC120,"✅") -> 0 | BD6: =COUNTIF(BD60:BD116,"✅") -> 0 | BE6: =COUNTIF(BE60:BE116,"✅") -> 0 | BF6: =COUNTIF(BF60:BF116,"✅") -> 0 | BG6: =COUNTIF(BG60:BG120,"✅") -> 0 | BH6: =COUNTIF(BH60:BH116,"✅") -> 0 | BI6: =COUNTIF(BI60:BI116,"✅") -> 0 | BJ6: =COUNTIF(BJ60:BJ116,"✅") -> 0 | BK6: =COUNTIF(BK60:BK116,"✅") -> 0 | BL6: =COUNTIF(BL60:BL116,"✅") -> 0 | BM6: =COUNTIF(BM60:BM116,"✅") -> 0 | BN6: =COUNTIF(BN60:BN116,"✅") -> 0
D7: Total opponents available at this time | G7: 0 | H7: 0 | I7: 0 | J7: 0 | K7: 0 | M7: 0 | N7: 0 | O7: 0 | P7: 0 | Q7: 0 | R7: 0 | S7: 0 | T7: 0 | U7: 0 | V7: 0 | W7: =COUNTIF(W60:W116,"✅")+COUNTIF(W60:W116,"✔️") -> 7 | X7: =COUNTIF(X60:X116,"✅")+COUNTIF(X60:X116,"✔️") -> 10 | Y7: =COUNTIF(Y60:Y116,"✅")+COUNTIF(Y60:Y116,"✔️") -> 8 | Z7: =COUNTIF(Z60:Z116,"✅")+COUNTIF(Z60:Z116,"✔️") -> 6 | AA7: =COUNTIF(AA60:AA116,"✅")+COUNTIF(AA60:AA116,"✔️") -> 15 | AB7: =COUNTIF(AB60:AB116,"✅")+COUNTIF(AB60:AB116,"✔️") -> 19 | AC7: =COUNTIF(AC60:AC116,"✅")+COUNTIF(AC60:AC116,"✔️") -> 12 | AD7: =COUNTIF(AD60:AD116,"✅")+COUNTIF(AD60:AD116,"✔️") -> 11 | ... BN7: =COUNTIF(BN60:BN116,"✅")+COUNTIF(BN60:BN116,"✔️") -> 12
D8: Total amount of new opponents added all day | G8: =SUM(G3:J3) -> 9 | K8: =SUM(K3:N3) -> 14 | O8: =SUM(O3:R3) -> 14 | S8: =SUM(S3:V3) -> 9 | W8: =SUM(W6:Z6) -> 16 | AA8: =SUM(AA6:AD6) -> 16 | AE8: =SUM(AE6:AH6) -> 15 | AI8: =SUM(AI6:AL6) -> 8 | AM8: =SUM(AM6:AP6) -> 8 | AQ8: =SUM(AQ6:AT6) -> 0 | AU8: =SUM(AU6:AX6) -> 0 | AY8: =SUM(AY6:BB6) -> 0 | BC8: =SUM(BC6:BF6) -> 0 | BG8: =SUM(BG6:BJ6) -> 0 | BK8: =SUM(BK6:BN6) -> 0
D9: Total amount of new opponents added this area | G9: =SUM(G8:V8) -> 46 | W9: =SUM(W8:AL8) -> 55 | AM9: =SUM(AM8:BB8) -> 8
D10: Total opponents across game | G10: =SUM(G8:BJ8) -> 109
B11: Opponent | C11: Prizes | D11: Count | E11: Deck | F11: Coin
A12: CELESTE HARBOUR | B12: RIVAL 1 | C12: 2 | D12: =COUNTIF(G12:AAN12,"✅")+COUNTIF(G12:AAN12,"✔️") -> 3 | E12: EEVEE DECK 1 | F12: EEVEE COIN 1 | G12: ✅ | H12: ✔️ | I12: ✔️
B13: Youngster Joey | C13: 2 | D13: =COUNTIF(G13:AAN13,"✅")+COUNTIF(G13:AAN13,"✔️") -> 11 | E13: Basic Pokemon Barrage | F13: Rattata Silver | G13: ✅ | H13: ✔️ | I13: ✔️ | K13: ✔️ | L13: ✔️ | AA13: ✔️ | AB13: ✔️ | AQ13: ✔️ | AR13: ✔️ | BG13: ✔️ | BH13: ✔️
B14: Gambler Mick | C14: 2 | D14: =COUNTIF(G14:AAN14,"✅")+COUNTIF(G14:AAN14,"✔️") -> 13 | E14: You Win Some N Lose Some | F14: Farfetchd Silver | G14: ✅ | H14: ✔️ | I14: ✔️ | M14: ✔️ | S14: ✔️ | X14: ✔️ | Y14: ✔️ | AI14: ✔️ | AN14: ✔️ | AO14: ✔️ | AY14: ✔️ | BD14: ✔️ | BE14: ✔️
B15: Schoolboy Adam | C15: 2 | D15: =COUNTIF(G15:AAN15,"✅")+COUNTIF(G15:AAN15,"✔️") -> 14 | E15: Status Infliction | F15: Drowzee Gold | G15: ✅ | H15: ✔️ | I15: ✔️ | K15: ✔️ | L15: ✔️ | S15: ✔️ | AA15: ✔️ | AB15: ✔️ | AI15: ✔️ | AQ15: ✔️ | AR15: ✔️ | AY15: ✔️ | BG15: ✔️ | BH15: ✔️
B16: Fisherman Dave | C16: 4 | D16: =COUNTIF(G16:AAN16,"✅")+COUNTIF(G16:AAN16,"✔️") -> 19 | E16: Fishy Fish | F16: Magikarp Gold | G16: ✅ | H16: ✔️ | I16: ✔️ | O16: ✔️ | W16: ✔️ | X16: ✔️ | AA16: ✔️ | AB16: ✔️ | AE16: ✔️ | AM16: ✔️ | AN16: ✔️ | AQ16: ✔️ | AR16: ✔️ | AU16: ✔️ | BC16: ✔️ | BD16: ✔️ | BG16: ✔️ | BH16: ✔️ | BK16: ✔️
B17: Fisherman John | C17: 4 | D17: =COUNTIF(G17:AAN17,"✅")+COUNTIF(G17:AAN17,"✔️") -> 16 | E17: Seavolutions | F17: Squirtle Blue | H17: ✅ | I17: ✔️ | J17: ✔️ | O17: ✔️ | S17: ✔️ | AA17: ✔️ | AB17: ✔️ | AE17: ✔️ | AI17: ✔️ | AQ17: ✔️ | AR17: ✔️ | AU17: ✔️ | AY17: ✔️ | BG17: ✔️ | BH17: ✔️ | BK17: ✔️
B18: Painter Jericho | C18: 2 | D18: =COUNTIF(G18:AAN18,"✅")+COUNTIF(G18:AAN18,"✔️") -> 16 | E18: Art Assistants | F18: Eevee Silver | H18: ✅ | I18: ✔️ | J18: ✔️ | M18: ✔️ | U18: ✔️ | V18: ✔️ | AC18: ✔️ | AD18: ✔️ | AK18: ✔️ | AL18: ✔️ | AS18: ✔️ | AT18: ✔️ | BA18: ✔️ | BB18: ✔️ | BI18: ✔️ | BJ18: ✔️
B19: Engineer Allan | C19: 3 | D19: =COUNTIF(G19:AAN19,"✅")+COUNTIF(G19:AAN19,"✔️") -> 16 | E19: Zzzap | F19: Voltorb Gold | I19: ✅ | J19: ✔️ | P19: ✔️ | Q19: ✔️ | AC19: ✔️ | AD19: ✔️ | AF19: ✔️ | AG19: ✔️ | AS19: ✔️ | AT19: ✔️ | AV19: ✔️ | AW19: ✔️ | BI19: ✔️ | BJ19: ✔️ | BL19: ✔️ | BM19: ✔️
B20: Gardener Callum | C20: 2 | D20: =COUNTIF(G20:AAN20,"✅")+COUNTIF(G20:AAN20,"✔️") -> 22 | E20: Pollen Power | F20: Bulbasaur Green 2 | I20: ✅ | J20: ✔️ | P20: ✔️ | Q20: ✔️ | U20: ✔️ | V20: ✔️ | Y20: ✔️ | Z20: ✔️ | AF20: ✔️ | AG20: ✔️ | AK20: ✔️ | AL20: ✔️ | AO20: ✔️ | AP20: ✔️ | AV20: ✔️ | AW20: ✔️ | BA20: ✔️ | BB20: ✔️ | BE20: ✔️ | BF20: ✔️ | BL20: ✔️ | BM20: ✔️
B21: RIVAL 2 | C21: 4 | D21: =COUNTIF(G21:AAN21,"✅")+COUNTIF(G21:AAN21,"✔️") -> 1 | E21: EVEEON DECK 2 | F21: EEVEE COIN 2 | K21: ✅
B22: Beach Kid Timothy | C22: 2 | D22: =COUNTIF(G22:AAN22,"✅")+COUNTIF(G22:AAN22,"✔️") -> 22 | E22: I Love Sand And Sea | F22: Diglett Brown | K22: ✅ | L22: ✔️ | O22: ✔️ | P22: ✔️ | W22: ✔️ | X22: ✔️ | AA22: ✔️ | AB22: ✔️ | AE22: ✔️ | AF22: ✔️ | AM22: ✔️ | AN22: ✔️ | AQ22: ✔️ | AR22: ✔️ | AU22: ✔️ | AV22: ✔️ | BC22: ✔️ | BD22: ✔️ | BG22: ✔️ | BH22: ✔️ | BK22: ✔️ | BL22: ✔️
B23: Beach Kid Evie | C23: 2 | D23: =COUNTIF(G23:AAN23,"✅")+COUNTIF(G23:AAN23,"✔️") -> 22 | E23: Pika And Friends | F23: Pikachu Gold | K23: ✅ | L23: ✔️ | O23: ✔️ | P23: ✔️ | W23: ✔️ | X23: ✔️ | AA23: ✔️ | AB23: ✔️ | AE23: ✔️ | AF23: ✔️ | AM23: ✔️ | AN23: ✔️ | AQ23: ✔️ | AR23: ✔️ | AU23: ✔️ | AV23: ✔️ | BC23: ✔️ | BD23: ✔️ | BG23: ✔️ | BH23: ✔️ | BK23: ✔️ | BL23: ✔️
B24: Swimmer Todd | C24: 4 | D24: =COUNTIF(G24:AAN24,"✅")+COUNTIF(G24:AAN24,"✔️") -> 12 | E24: I See Sea | F24: Tentacool Blue | K24: ✅ | L24: ✔️ | M24: ✔️ | S24: ✔️ | AB24: ✔️ | AC24: ✔️ | AI24: ✔️ | AR24: ✔️ | AS24: ✔️ | AY24: ✔️ | BH24: ✔️ | BI24: ✔️
B25: Birdspotter Tamsin | C25: 4 | D25: =COUNTIF(G25:AAN25,"✅")+COUNTIF(G25:AAN25,"✔️") -> 22 | E25: Lil Birbs | F25: Doduo Brown | K25: ✅ | L25: ✔️ | M25: ✔️ | O25: ✔️ | W25: ✔️ | X25: ✔️ | AB25: ✔️ | AC25: ✔️ | AD25: ✔️ | AE25: ✔️ | AM25: ✔️ | AN25: ✔️ | AR25: ✔️ | AS25: ✔️ | AT25: ✔️ | AU25: ✔️ | BC25: ✔️ | BD25: ✔️ | BH25: ✔️ | BI25: ✔️ | BJ25: ✔️ | BK25: ✔️
B26: Swimmer Jordan | C26: 4 | D26: =COUNTIF(G26:AAN26,"✅")+COUNTIF(G26:AAN26,"✔️") -> 11 | E26: Whirlgong | F26: Poliwag Blue | L26: ✅ | M26: ✔️ | T26: ✔️ | X26: ✔️ | Y26: ✔️ | AJ26: ✔️ | AN26: ✔️ | AO26: ✔️ | AZ26: ✔️ | BD26: ✔️ | BE26: ✔️
B27: Bug Catcher Alex | C27: 4 | D27: =COUNTIF(G27:AAN27,"✅")+COUNTIF(G27:AAN27,"✔️") -> 11 | E27: I Love Bugs! | F27: Caterpie Green | L27: ✅ | M27: ✔️ | S27: ✔️ | X27: ✔️ | Y27: ✔️ | AI27: ✔️ | AN27: ✔️ | AO27: ✔️ | AY27: ✔️ | BD27: ✔️ | BE27: ✔️
B28: Hiker Matthew | C28: 4 | D28: =COUNTIF(G28:AAN28,"✅")+COUNTIF(G28:AAN28,"✔️") -> 22 | E28: Rocks N Stones | F28: Geodude Gold | L28: ✅ | M28: ✔️ | N28: ✔️ | O28: ✔️ | S28: ✔️ | X28: ✔️ | Y28: ✔️ | Z28: ✔️ | AA28: ✔️ | AE28: ✔️ | AI28: ✔️ | AN28: ✔️ | AO28: ✔️ | AP28: ✔️ | AQ28: ✔️ | AU28: ✔️ | AY28: ✔️ | BD28: ✔️ | BE28: ✔️ | BF28: ✔️ | BG28: ✔️ | BK28: ✔️
B29: Jogger Daniel | C29: 4 | D29: =COUNTIF(G29:AAN29,"✅")+COUNTIF(G29:AAN29,"✔️") -> 11 | E29: Nido Nido Meow | F29: Nidoking Purple | M29: ✅ | N29: ✔️ | T29: ✔️ | U29: ✔️ | W29: ✔️ | AJ29: ✔️ | AK29: ✔️ | AM29: ✔️ | AZ29: ✔️ | BA29: ✔️ | BC29: ✔️
B30: Firebreather Darryl | C30: 4 | D30: =COUNTIF(G30:AAN30,"✅")+COUNTIF(G30:AAN30,"✔️") -> 15 | E30: Hot Air | F30: Magmar Red | M30: ✅ | N30: ✔️ | O30: ✔️ | S30: ✔️ | AC30: ✔️ | AD30: ✔️ | AE30: ✔️ | AI30: ✔️ | AS30: ✔️ | AT30: ✔️ | AU30: ✔️ | AY30: ✔️ | BI30: ✔️ | BJ30: ✔️ | BK30: ✔️
B31: Firebreather Kenneth | C31: 4 | D31: =COUNTIF(G31:AAN31,"✅")+COUNTIF(G31:AAN31,"✔️") -> 15 | E31: Quadrapedal Firestarters | F31: Ponyta Red | M31: ✅ | N31: ✔️ | O31: ✔️ | S31: ✔️ | AC31: ✔️ | AD31: ✔️ | AE31: ✔️ | AI31: ✔️ | AS31: ✔️ | AT31: ✔️ | AU31: ✔️ | AY31: ✔️ | BI31: ✔️ | BJ31: ✔️ | BK31: ✔️
B32: Sailor Bob | C32: 6 | D32: =COUNTIF(G32:AAN32,"✅")+COUNTIF(G32:AAN32,"✔️") -> 23 | E32: Hoist The Anchor | F32: Wartortle Blue | M32: ✅ | N32: ✔️ | P32: ✔️ | Q32: ✔️ | R32: ✔️ | Y32: ✔️ | Z32: ✔️ | AA32: ✔️ | AF32: ✔️ | AG32: ✔️ | AH32: ✔️ | AO32: ✔️ | AP32: ✔️ | AQ32: ✔️ | AV32: ✔️ | AW32: ✔️ | AX32: ✔️ | BE32: ✔️ | BF32: ✔️ | BG32: ✔️ | BL32: ✔️ | BM32: ✔️ | BN32: ✔️
B33: Psychic Brienne | C33: 6 | D33: =COUNTIF(G33:AAN33,"✅")+COUNTIF(G33:AAN33,"✔️") -> 7 | E33: Meditation Meditation | F33: Mewtwo Purple | N33: ✅ | V33: ✔️ | AD33: ✔️ | AL33: ✔️ | AT33: ✔️ | BB33: ✔️ | BJ33: ✔️
B34: Bad Dude Paul | C34: 4 | D34: =COUNTIF(G34:AAN34,"✅")+COUNTIF(G34:AAN34,"✔️") -> 7 | E34: Bad Guys | F34: Muk Purple | N34: ✅ | V34: ✔️ | Z34: ✔️ | AL34: ✔️ | AP34: ✔️ | BB34: ✔️ | BF34: ✔️
B35: RIVAL 3 | C35: 4 | D35: =COUNTIF(G35:AAN35,"✅")+COUNTIF(G35:AAN35,"✔️") -> 4 | E35: SS EEVEE | F35: EEVEE COIN 3 | O35: ✅ | P35: ✔️ | Q35: ✔️ | R35: ✔️
B36: Young Twin Anna | C36: 2 | D36: =COUNTIF(G36:AAN36,"✅")+COUNTIF(G36:AAN36,"✔️") -> 10 | E36: Pretty Plants N Butterfly | F36: Butterfree Purple | O36: ✅ | W36: ✔️ | X36: ✔️ | AE36: ✔️ | AM36: ✔️ | AN36: ✔️ | AU36: ✔️ | BC36: ✔️ | BD36: ✔️ | BK36: ✔️
B37: Young Twin Nella | C37: 2 | D37: =COUNTIF(G37:AAN37,"✅")+COUNTIF(G37:AAN37,"✔️") -> 10 | E37: Scary Plants N Bees | F37: Beedrill Green | O37: ✅ | W37: ✔️ | X37: ✔️ | AE37: ✔️ | AM37: ✔️ | AN37: ✔️ | AU37: ✔️ | BC37: ✔️ | BD37: ✔️ | BK37: ✔️
B38: Aromagirl Penelope | C38: 4 | D38: =COUNTIF(G38:AAN38,"✅")+COUNTIF(G38:AAN38,"✔️") -> 24 | E38: Strange Plants | F38: Bellsprout Green | O38: ✅ | P38: ✔️ | Q38: ✔️ | S38: ✔️ | T38: ✔️ | U38: ✔️ | AB38: ✔️ | AE38: ✔️ | AF38: ✔️ | AG38: ✔️ | AI38: ✔️ | AJ38: ✔️ | AK38: ✔️ | AR38: ✔️ | AU38: ✔️ | AV38: ✔️ | AW38: ✔️ | AY38: ✔️ | AZ38: ✔️ | BA38: ✔️ | BH38: ✔️ | BK38: ✔️ | BL38: ✔️ | BM38: ✔️
B39: Bug Catcher Frankie | C39: 4 | D39: =COUNTIF(G39:AAN39,"✅")+COUNTIF(G39:AAN39,"✔️") -> 27 | E39: Big Bad Bugs! | F39: Pinsir Brown | O39: ✅ | P39: ✔️ | Q39: ✔️ | S39: ✔️ | T39: ✔️ | U39: ✔️ | X39: ✔️ | Y39: ✔️ | AE39: ✔️ | AF39: ✔️ | AG39: ✔️ | AI39: ✔️ | AJ39: ✔️ | AK39: ✔️ | AN39: ✔️ | AO39: ✔️ | AU39: ✔️ | AV39: ✔️ | AW39: ✔️ | AY39: ✔️ | AZ39: ✔️ | BA39: ✔️ | BD39: ✔️ | BE39: ✔️ | BK39: ✔️ | BL39: ✔️ | BM39: ✔️
B40: Guitarist Jonesy | C40: 4 | D40: =COUNTIF(G40:AAN40,"✅")+COUNTIF(G40:AAN40,"✔️") -> 18 | E40: Heavy Metal | F40: Magnemite Silver | P40: ✅ | Q40: ✔️ | R40: ✔️ | W40: ✔️ | X40: ✔️ | AF40: ✔️ | AG40: ✔️ | AH40: ✔️ | AM40: ✔️ | AN40: ✔️ | AV40: ✔️ | AW40: ✔️ | AX40: ✔️ | BC40: ✔️ | BD40: ✔️ | BL40: ✔️ | BM40: ✔️ | BN40: ✔️
B41: Guitarist Howard | C41: 4 | D41: =COUNTIF(G41:AAN41,"✅")+COUNTIF(G41:AAN41,"✔️") -> 18 | E41: Rock N Shock | F41: Raichu Gold 2 | P41: ✅ | Q41: ✔️ | R41: ✔️ | W41: ✔️ | X41: ✔️ | AF41: ✔️ | AG41: ✔️ | AH41: ✔️ | AM41: ✔️ | AN41: ✔️ | AV41: ✔️ | AW41: ✔️ | AX41: ✔️ | BC41: ✔️ | BD41: ✔️ | BL41: ✔️ | BM41: ✔️ | BN41: ✔️
B42: Birdspotter Gregg | C42: 6 | D42: =COUNTIF(G42:AAN42,"✅")+COUNTIF(G42:AAN42,"✔️") -> 17 | E42: Big Ol Birbs | F42: Pidgeotto Silver | Q42: ✅ | R42: ✔️ | U42: ✔️ | V42: ✔️ | AA42: ✔️ | AG42: ✔️ | AH42: ✔️ | AK42: ✔️ | AL42: ✔️ | AQ42: ✔️ | AW42: ✔️ | AX42: ✔️ | BA42: ✔️ | BB42: ✔️ | BG42: ✔️ | BM42: ✔️ | BN42: ✔️
B43: Garden Manager Louis | C43: 6 | D43: =COUNTIF(G43:AAN43,"✅")+COUNTIF(G43:AAN43,"✔️") -> 14 | E43: Solar Power | F43: Venusaur Green | Q43: ✅ | R43: ✔️ | Y43: ✔️ | Z43: ✔️ | AG43: ✔️ | AH43: ✔️ | AO43: ✔️ | AP43: ✔️ | AW43: ✔️ | AX43: ✔️ | BE43: ✔️ | BF43: ✔️ | BM43: ✔️ | BN43: ✔️
B44: Hiker Ben | C44: 4 | D44: =COUNTIF(G44:AAN44,"✅")+COUNTIF(G44:AAN44,"✔️") -> 17 | E44: Solid Ground | F44: Dugtrio Brown | Q44: ✅ | R44: ✔️ | X44: ✔️ | Y44: ✔️ | Z44: ✔️ | AG44: ✔️ | AH44: ✔️ | AN44: ✔️ | AO44: ✔️ | AP44: ✔️ | AW44: ✔️ | AX44: ✔️ | BD44: ✔️ | BE44: ✔️ | BF44: ✔️ | BM44: ✔️ | BN44: ✔️
B45: Engineer Brad | C45: 6 | D45: =COUNTIF(G45:AAN45,"✅")+COUNTIF(G45:AAN45,"✔️") -> 11 | E45: Work Hard Play Hard | F45: Tauros Silver | Q45: ✅ | R45: ✔️ | Z45: ✔️ | AG45: ✔️ | AH45: ✔️ | AP45: ✔️ | AW45: ✔️ | AX45: ✔️ | BF45: ✔️ | BM45: ✔️ | BN45: ✔️
B46: Bad Dude Wayne | C46: 6 | D46: =COUNTIF(G46:AAN46,"✅")+COUNTIF(G46:AAN46,"✔️") -> 10 | E46: Dark Poison | F46: Weezing Purple | R46: ✅ | V46: ✔️ | AD46: ✔️ | AH46: ✔️ | AL46: ✔️ | AT46: ✔️ | AX46: ✔️ | BB46: ✔️ | BJ46: ✔️ | BN46: ✔️
B47: Rocket Grunt Damien | C47: 4 | D47: =COUNTIF(G47:AAN47,"✅")+COUNTIF(G47:AAN47,"✔️") -> 7 | E47: Rocket Underlings | F47: Team Rocket Red | R47: ✅ | Z47: ✔️ | AH47: ✔️ | AP47: ✔️ | AX47: ✔️ | BF47: ✔️ | BN47: ✔️
B48: Rocket Grunt Penny | C48: 4 | D48: =COUNTIF(G48:AAN48,"✅")+COUNTIF(G48:AAN48,"✔️") -> 7 | E48: Rocket Blast Off | F48: Team Rocket Blue | R48: ✅ | Z48: ✔️ | AH48: ✔️ | AP48: ✔️ | AX48: ✔️ | BF48: ✔️ | BN48: ✔️
B49: RIVAL 4 | C49: 4 | D49: =COUNTIF(G49:AAN49,"✅")+COUNTIF(G49:AAN49,"✔️") -> 1 | E49: BEASTEON DECK | F49: EEVEE COIN 4 | S49: ✅
B50: Swimmer Melissa | C50: 6 | D50: =COUNTIF(G50:AAN50,"✅")+COUNTIF(G50:AAN50,"✔️") -> 9 | E50: Poligong's Wrath | F50: Dewgong Blue | S50: ✅ | T50: ✔️ | AB50: ✔️ | AI50: ✔️ | AJ50: ✔️ | AR50: ✔️ | AY50: ✔️ | AZ50: ✔️ | BH50: ✔️
B51: Card Elder Hamish | C51: 6 | D51: =COUNTIF(G51:AAN51,"✅")+COUNTIF(G51:AAN51,"✔️") -> 27 | E51: Haymaker | F51: Hitmonchan Silver | S51: ✅ | T51: ✔️ | U51: ✔️ | W51: ✔️ | X51: ✔️ | Y51: ✔️ | AA51: ✔️ | AB51: ✔️ | AC51: ✔️ | AI51: ✔️ | AJ51: ✔️ | AK51: ✔️ | AM51: ✔️ | AN51: ✔️ | AO51: ✔️ | AQ51: ✔️ | AR51: ✔️ | AS51: ✔️ | AY51: ✔️ | AZ51: ✔️ | BA51: ✔️ | BC51: ✔️ | BD51: ✔️ | BE51: ✔️ | BG51: ✔️ | BH51: ✔️ | BI51: ✔️
B52: Card Elder Rayne | C52: 6 | D52: =COUNTIF(G52:AAN52,"✅")+COUNTIF(G52:AAN52,"✔️") -> 27 | E52: Rain Dance | F52: Blastoise Blue | S52: ✅ | T52: ✔️ | U52: ✔️ | W52: ✔️ | X52: ✔️ | Y52: ✔️ | AA52: ✔️ | AB52: ✔️ | AC52: ✔️ | AI52: ✔️ | AJ52: ✔️ | AK52: ✔️ | AM52: ✔️ | AN52: ✔️ | AO52: ✔️ | AQ52: ✔️ | AR52: ✔️ | AS52: ✔️ | AY52: ✔️ | AZ52: ✔️ | BA52: ✔️ | BC52: ✔️ | BD52: ✔️ | BE52: ✔️ | BG52: ✔️ | BH52: ✔️ | BI52: ✔️
B53: Card Elder Waverly | C53: 6 | D53: =COUNTIF(G53:AAN53,"✅")+COUNTIF(G53:AAN53,"✔️") -> 27 | E53: Do The Wave | F53: Wigglytuff Pink | S53: ✅ | T53: ✔️ | U53: ✔️ | W53: ✔️ | X53: ✔️ | Y53: ✔️ | AA53: ✔️ | AB53: ✔️ | AC53: ✔️ | AI53: ✔️ | AJ53: ✔️ | AK53: ✔️ | AM53: ✔️ | AN53: ✔️ | AO53: ✔️ | AQ53: ✔️ | AR53: ✔️ | AS53: ✔️ | AY53: ✔️ | AZ53: ✔️ | BA53: ✔️ | BC53: ✔️ | BD53: ✔️ | BE53: ✔️ | BG53: ✔️ | BH53: ✔️ | BI53: ✔️
B54: Fisherman Gary | C54: 6 | D54: =COUNTIF(G54:AAN54,"✅")+COUNTIF(G54:AAN54,"✔️") -> 15 | E54: Big Catch | F54: Gyarados Blue | T54: ✅ | U54: ✔️ | AA54: ✔️ | AB54: ✔️ | AC54: ✔️ | AJ54: ✔️ | AK54: ✔️ | AQ54: ✔️ | AR54: ✔️ | AS54: ✔️ | AZ54: ✔️ | BA54: ✔️ | BG54: ✔️ | BH54: ✔️ | BI54: ✔️
B55: Tourist Alissa | C55: 6 | D55: =COUNTIF(G55:AAN55,"✅")+COUNTIF(G55:AAN55,"✔️") -> 18 | E55: Girl Power | F55: Clefairy Pink | T55: ✅ | U55: ✔️ | W55: ✔️ | X55: ✔️ | AA55: ✔️ | AB55: ✔️ | AJ55: ✔️ | AK55: ✔️ | AM55: ✔️ | AN55: ✔️ | AQ55: ✔️ | AR55: ✔️ | AZ55: ✔️ | BA55: ✔️ | BC55: ✔️ | BD55: ✔️ | BG55: ✔️ | BH55: ✔️
B56: Tourist Edmund | C56: 6 | D56: =COUNTIF(G56:AAN56,"✅")+COUNTIF(G56:AAN56,"✔️") -> 18 | E56: Elegance | F56: Dratini Blue | T56: ✅ | U56: ✔️ | W56: ✔️ | X56: ✔️ | AA56: ✔️ | AB56: ✔️ | AJ56: ✔️ | AK56: ✔️ | AM56: ✔️ | AN56: ✔️ | AQ56: ✔️ | AR56: ✔️ | AZ56: ✔️ | BA56: ✔️ | BC56: ✔️ | BD56: ✔️ | BG56: ✔️ | BH56: ✔️
B57: Battlegirl Sofia | C57: 6 | D57: =COUNTIF(G57:AAN57,"✅")+COUNTIF(G57:AAN57,"✔️") -> 9 | E57: Brickbreaker | F57: Mankey Gold | U57: ✅ | V57: ✔️ | Y57: ✔️ | AK57: ✔️ | AL57: ✔️ | AO57: ✔️ | BA57: ✔️ | BB57: ✔️ | BE57: ✔️
A59: VERDANT FOREST | B59: RIVAL 5 | C59: 4 | D59: =COUNTIF(G59:AAN59,"✅")+COUNTIF(G59:AAN59,"✔️") -> 1 | E59: DARK EON DECK | F59: EEVEE COIN 5 | W59: ✅
B60: Pikachu Fan Marina | C60: 1 | D60: =COUNTIF(G60:AAN60,"✅")+COUNTIF(G60:AAN60,"✔️") -> 22 | E60: Wave Surfing | F60: Pikachu Gold 2 | W60: ✅ | X60: ✔️ | AA60: ✔️ | AB60: ✔️ | AE60: ✔️ | AF60: ✔️ | AI60: ✔️ | AJ60: ✔️ | AM60: ✔️ | AN60: ✔️ | AQ60: ✔️ | AR60: ✔️ | AU60: ✔️ | AV60: ✔️ | AY60: ✔️ | AZ60: ✔️ | BC60: ✔️ | BD60: ✔️ | BG60: ✔️ | BH60: ✔️ | BK60: ✔️ | BL60: ✔️
B61: Pikachu Fan Skye | C61: 1 | D61: =COUNTIF(G61:AAN61,"✅")+COUNTIF(G61:AAN61,"✔️") -> 22 | E61: Fly Away | F61: Pikachu Gold 3 | W61: ✅ | X61: ✔️ | AA61: ✔️ | AB61: ✔️ | AE61: ✔️ | AF61: ✔️ | AI61: ✔️ | AJ61: ✔️ | AM61: ✔️ | AN61: ✔️ | AQ61: ✔️ | AR61: ✔️ | AU61: ✔️ | AV61: ✔️ | AY61: ✔️ | AZ61: ✔️ | BC61: ✔️ | BD61: ✔️ | BG61: ✔️ | BH61: ✔️ | BK61: ✔️ | BL61: ✔️
B62: Pikachu Fan Cami | C62: 1 | D62: =COUNTIF(G62:AAN62,"✅")+COUNTIF(G62:AAN62,"✔️") -> 22 | E62: Snap! | F62: Pikachu Gold 4 | W62: ✅ | X62: ✔️ | AA62: ✔️ | AB62: ✔️ | AE62: ✔️ | AF62: ✔️ | AI62: ✔️ | AJ62: ✔️ | AM62: ✔️ | AN62: ✔️ | AQ62: ✔️ | AR62: ✔️ | AU62: ✔️ | AV62: ✔️ | AY62: ✔️ | AZ62: ✔️ | BC62: ✔️ | BD62: ✔️ | BG62: ✔️ | BH62: ✔️ | BK62: ✔️ | BL62: ✔️
B63: Pikachu Fan Juniper | C63: 1 | D63: =COUNTIF(G63:AAN63,"✅")+COUNTIF(G63:AAN63,"✔️") -> 22 | E63: Forest Mouse | F63: Pikachu Gold 5 | W63: ✅ | X63: ✔️ | AA63: ✔️ | AB63: ✔️ | AE63: ✔️ | AF63: ✔️ | AI63: ✔️ | AJ63: ✔️ | AM63: ✔️ | AN63: ✔️ | AQ63: ✔️ | AR63: ✔️ | AU63: ✔️ | AV63: ✔️ | AY63: ✔️ | AZ63: ✔️ | BC63: ✔️ | BD63: ✔️ | BG63: ✔️ | BH63: ✔️ | BK63: ✔️ | BL63: ✔️
B64: Pikachu Fan Raye | C64: 1 | D64: =COUNTIF(G64:AAN64,"✅")+COUNTIF(G64:AAN64,"✔️") -> 22 | E64: Thunderbolt! | F64: Pikachu Gold 6 | W64: ✅ | X64: ✔️ | AA64: ✔️ | AB64: ✔️ | AE64: ✔️ | AF64: ✔️ | AI64: ✔️ | AJ64: ✔️ | AM64: ✔️ | AN64: ✔️ | AQ64: ✔️ | AR64: ✔️ | AU64: ✔️ | AV64: ✔️ | AY64: ✔️ | AZ64: ✔️ | BC64: ✔️ | BD64: ✔️ | BG64: ✔️ | BH64: ✔️ | BK64: ✔️ | BL64: ✔️
B65: Pikachu Fan Leaf | C65: 1 | D65: =COUNTIF(G65:AAN65,"✅")+COUNTIF(G65:AAN65,"✔️") -> 22 | E65: Leafychu | F65: Pikachu Gold 7 | W65: ✅ | X65: ✔️ | AA65: ✔️ | AB65: ✔️ | AE65: ✔️ | AF65: ✔️ | AI65: ✔️ | AJ65: ✔️ | AM65: ✔️ | AN65: ✔️ | AQ65: ✔️ | AR65: ✔️ | AU65: ✔️ | AV65: ✔️ | AY65: ✔️ | AZ65: ✔️ | BC65: ✔️ | BD65: ✔️ | BG65: ✔️ | BH65: ✔️ | BK65: ✔️ | BL65: ✔️
B66: Youngster Milo | C66: 4 | D66: =COUNTIF(G66:AAN66,"✅")+COUNTIF(G66:AAN66,"✔️") -> 9 | E66: Creepy Crawlies | F66: Paras Green | W66: ✅ | X66: ✔️ | Y66: ✔️ | AB66: ✔️ | AC66: ✔️ | AM66: ✔️ | AN66: ✔️ | BC66: ✔️ | BD66: ✔️
B67: Ninjaboy Sasuke | C67: 4 | D67: =COUNTIF(G67:AAN67,"✅")+COUNTIF(G67:AAN67,"✔️") -> 13 | E67: Ssssssnakes | F67: Ekans Purple | X67: ✅ | Y67: ✔️ | AA67: ✔️ | AB67: ✔️ | AC67: ✔️ | AO67: ✔️ | AP67: ✔️ | AR67: ✔️ | AS67: ✔️ | BE67: ✔️ | BF67: ✔️ | BH67: ✔️ | BI67: ✔️
B68: Doctor Mortimor | C68: 6 | D68: =COUNTIF(G68:AAN68,"✅")+COUNTIF(G68:AAN68,"✔️") -> 8 | E68: Self Affliction | F68: Gloom Green | X68: ✅ | Y68: ✔️ | AA68: ✔️ | AB68: ✔️ | AO68: ✔️ | AP68: ✔️ | BE68: ✔️ | BF68: ✔️
B69: Rocket Grunt Margot | C69: 6 | D69: =COUNTIF(G69:AAN69,"✅")+COUNTIF(G69:AAN69,"✔️") -> 8 | E69: Scavenge And Retreat | F69: Golbat Gold | X69: ✅ | Y69: ✔️ | Z69: ✔️ | AH69: ✔️ | AP69: ✔️ | AX69: ✔️ | BF69: ✔️ | BN69: ✔️
B70: Pikachu Mum | C70: 1 | D70: =COUNTIF(G70:AAN70,"✅")+COUNTIF(G70:AAN70,"✔️") -> 21 | E70: All the Pikachu! | F70: Raichu Gold | Y70: ✅ | AA70: ✔️ | AB70: ✔️ | AE70: ✔️ | AF70: ✔️ | AI70: ✔️ | AJ70: ✔️ | AM70: ✔️ | AN70: ✔️ | AQ70: ✔️ | AR70: ✔️ | AU70: ✔️ | AV70: ✔️ | AY70: ✔️ | AZ70: ✔️ | BC70: ✔️ | BD70: ✔️ | BG70: ✔️ | BH70: ✔️ | BK70: ✔️ | BL70: ✔️
B71: Rocket Exec Proton | C71: 6 | D71: =COUNTIF(G71:AAN71,"✅")+COUNTIF(G71:AAN71,"✔️") -> 17 | E71: Under The Shadow Of Wings | F71: Dragonite Gold | Y71: ✅ | Z71: ✔️ | AF71: ✔️ | AG71: ✔️ | AH71: ✔️ | AN71: ✔️ | AO71: ✔️ | AP71: ✔️ | AV71: ✔️ | AW71: ✔️ | AX71: ✔️ | BD71: ✔️ | BE71: ✔️ | BF71: ✔️ | BL71: ✔️ | BM71: ✔️ | BN71: ✔️
B72: Rocket Exec Petrel | C72: 6 | D72: =COUNTIF(G72:AAN72,"✅")+COUNTIF(G72:AAN72,"✔️") -> 17 | E72: Relentless Poison | F72: Arbok Purple | Y72: ✅ | Z72: ✔️ | AF72: ✔️ | AG72: ✔️ | AH72: ✔️ | AN72: ✔️ | AO72: ✔️ | AP72: ✔️ | AV72: ✔️ | AW72: ✔️ | AX72: ✔️ | BD72: ✔️ | BE72: ✔️ | BF72: ✔️ | BL72: ✔️ | BM72: ✔️ | BN72: ✔️
B73: Rocket Exec Archer | C73: 6 | D73: =COUNTIF(G73:AAN73,"✅")+COUNTIF(G73:AAN73,"✔️") -> 17 | E73: Jet Shell | F73: Blastoise Silver | Y73: ✅ | Z73: ✔️ | AF73: ✔️ | AG73: ✔️ | AH73: ✔️ | AN73: ✔️ | AO73: ✔️ | AP73: ✔️ | AV73: ✔️ | AW73: ✔️ | AX73: ✔️ | BD73: ✔️ | BE73: ✔️ | BF73: ✔️ | BL73: ✔️ | BM73: ✔️ | BN73: ✔️
B74: Rocket Exec Ariana | C74: 6 | D74: =COUNTIF(G74:AAN74,"✅")+COUNTIF(G74:AAN74,"✔️") -> 6 | E74: Forced Evolutions | F74: Eevee Gold | Z74: ✅ | AH74: ✔️ | AP74: ✔️ | AX74: ✔️ | BF74: ✔️ | BN74: ✔️
B75: Rocket Boss Giovanni | C75: 6 | D75: =COUNTIF(G75:AAN75,"✅")+COUNTIF(G75:AAN75,"✔️") -> 6 | E75: Rocket Psychic Supremacy | F75: Zz Mewtwo Purple 3 | Z75: ✅ | AH75: ✔️ | AP75: ✔️ | AX75: ✔️ | BF75: ✔️ | BN75: ✔️
B76: RIVAL 6 | C76: 4 | D76: =COUNTIF(G76:AAN76,"✅")+COUNTIF(G76:AAN76,"✔️") -> 4 | E76: EEVIL EON DECK | F76: EEVEE COIN 6 | AA76: ✅ | AB76: ✔️ | AC76: ✔️ | AD76: ✔️
B77: Old Traveller Harold | C77: 4 | D77: =COUNTIF(G77:AAN77,"✅")+COUNTIF(G77:AAN77,"✔️") -> 7 | E77: Solid Invertebrates | F77: Kingler Blue | AA77: ✅ | AB77: ✔️ | AE77: ✔️ | AM77: ✔️ | AU77: ✔️ | BC77: ✔️ | BK77: ✔️
B78: Old Traveller Cliff | C78: 4 | D78: =COUNTIF(G78:AAN78,"✅")+COUNTIF(G78:AAN78,"✔️") -> 7 | E78: Hard Hitters | F78: Cubone Brown | AA78: ✅ | AB78: ✔️ | AE78: ✔️ | AM78: ✔️ | AU78: ✔️ | BC78: ✔️ | BK78: ✔️
B79: Forest Ranger Tucker | C79: 6 | D79: =COUNTIF(G79:AAN79,"✅")+COUNTIF(G79:AAN79,"✔️") -> 11 | E79: Poisonous Stingers | F79: Kakuna Gold | AA79: ✅ | AB79: ✔️ | AC79: ✔️ | AM79: ✔️ | AN79: ✔️ | AR79: ✔️ | AS79: ✔️ | BC79: ✔️ | BD79: ✔️ | BH79: ✔️ | BI79: ✔️
B80: Youngster Cooper | C80: 4 | D80: =COUNTIF(G80:AAN80,"✅")+COUNTIF(G80:AAN80,"✔️") -> 6 | E80: Solid Dynamite | F80: Magneton Gold | AB80: ✅ | AC80: ✔️ | AI80: ✔️ | AN80: ✔️ | AY80: ✔️ | BD80: ✔️
B81: Clown Hubert | C81: 4 | D81: =COUNTIF(G81:AAN81,"✅")+COUNTIF(G81:AAN81,"✔️") -> 13 | E81: Scary Phobias | F81: Venomoth Purple | AB81: ✅ | AC81: ✔️ | AD81: ✔️ | AM81: ✔️ | AN81: ✔️ | AO81: ✔️ | AQ81: ✔️ | AR81: ✔️ | BC81: ✔️ | BD81: ✔️ | BE81: ✔️ | BG81: ✔️ | BH81: ✔️
B82: Clown Glenn | C82: 6 | D82: =COUNTIF(G82:AAN82,"✅")+COUNTIF(G82:AAN82,"✔️") -> 13 | E82: Strange Damage Counters | F82: Slowbro Pink | AB82: ✅ | AC82: ✔️ | AD82: ✔️ | AM82: ✔️ | AN82: ✔️ | AO82: ✔️ | AQ82: ✔️ | AR82: ✔️ | BC82: ✔️ | BD82: ✔️ | BE82: ✔️ | BG82: ✔️ | BH82: ✔️
B83: Psychic Nova | C83: 4 | D83: =COUNTIF(G83:AAN83,"✅")+COUNTIF(G83:AAN83,"✔️") -> 4 | E83: Telekinesis | F83: Alakazam Purple | AC83: ✅ | AD83: ✔️ | AT83: ✔️ | BJ83: ✔️
B84: Mad Scientist Leonard | C84: 6 | D84: =COUNTIF(G84:AAN84,"✅")+COUNTIF(G84:AAN84,"✔️") -> 12 | E84: Headache | F84: Golduck Blue | AC84: ✅ | AD84: ✔️ | AF84: ✔️ | AG84: ✔️ | AP84: ✔️ | AT84: ✔️ | AV84: ✔️ | AW84: ✔️ | BF84: ✔️ | BJ84: ✔️ | BL84: ✔️ | BM84: ✔️
B85: Police Constable Floyd | C85: 6 | D85: =COUNTIF(G85:AAN85,"✅")+COUNTIF(G85:AAN85,"✔️") -> 9 | E85: Energy Beams | F85: Gyarados Red | AD85: ✅ | AK85: ✔️ | AL85: ✔️ | AS85: ✔️ | AT85: ✔️ | BA85: ✔️ | BB85: ✔️ | BI85: ✔️ | BJ85: ✔️
B86: Police Sergeant Douglas | C86: 6 | D86: =COUNTIF(G86:AAN86,"✅")+COUNTIF(G86:AAN86,"✔️") -> 9 | E86: Peace Keepers | F86: Machamp Brown | AD86: ✅ | AK86: ✔️ | AL86: ✔️ | AS86: ✔️ | AT86: ✔️ | BA86: ✔️ | BB86: ✔️ | BI86: ✔️ | BJ86: ✔️
B87: Psychic Eli | C87: 6 | D87: =COUNTIF(G87:AAN87,"✅")+COUNTIF(G87:AAN87,"✔️") -> 5 | E87: Mind Control | F87: Hypno Gold | AD87: ✅ | AL87: ✔️ | AT87: ✔️ | BB87: ✔️ | BJ87: ✔️
B88: RIVAL 7 | C88: 4 | D88: =COUNTIF(G88:AAN88,"✅")+COUNTIF(G88:AAN88,"✔️") -> 4 | E88: EEVIL EON DECK | F88: EEVEE COIN 6 | AE88: ✅ | AF88: ✔️ | AG88: ✔️ | AH88: ✔️
B89: Swimmer Bibi | C89: 6 | D89: =COUNTIF(G89:AAN89,"✅")+COUNTIF(G89:AAN89,"✔️") -> 12 | E89: Dark Rainstorm | F89: Blastoise Blue 2 | AE89: ✅ | AF89: ✔️ | AJ89: ✔️ | AQ89: ✔️ | AR89: ✔️ | AU89: ✔️ | AV89: ✔️ | AZ89: ✔️ | BG89: ✔️ | BH89: ✔️ | BK89: ✔️ | BL89: ✔️
B90: Young Sage Kai | C90: 4 | D90: =COUNTIF(G90:AAN90,"✅")+COUNTIF(G90:AAN90,"✔️") -> 12 | E90: Thunder Ball | F90: Electrode Gold | AE90: ✅ | AF90: ✔️ | AN90: ✔️ | AO90: ✔️ | AS90: ✔️ | AU90: ✔️ | AV90: ✔️ | BD90: ✔️ | BE90: ✔️ | BI90: ✔️ | BK90: ✔️ | BL90: ✔️
B91: Lady Fiona | C91: 4 | D91: =COUNTIF(G91:AAN91,"✅")+COUNTIF(G91:AAN91,"✔️") -> 13 | E91: Foul Toxins | F91: Grimer Purple | AE91: ✅ | AF91: ✔️ | AG91: ✔️ | AJ91: ✔️ | AK91: ✔️ | AU91: ✔️ | AV91: ✔️ | AW91: ✔️ | AZ91: ✔️ | BA91: ✔️ | BK91: ✔️ | BL91: ✔️ | BM91: ✔️
B92: Card Expert Nathan | C92: 6 | D92: =COUNTIF(G92:AAN92,"✅")+COUNTIF(G92:AAN92,"✔️") -> 10 | E92: Energy Burn | F92: Charizard Red | AF92: ✅ | AG92: ✔️ | AQ92: ✔️ | AR92: ✔️ | AV92: ✔️ | AW92: ✔️ | BG92: ✔️ | BH92: ✔️ | BL92: ✔️ | BM92: ✔️
B93: Backpacker Patrick | C93: 4 | D93: =COUNTIF(G93:AAN93,"✅")+COUNTIF(G93:AAN93,"✔️") -> 16 | E93: Land N Sea | F93: Omanyte Blue | AF93: ✅ | AG93: ✔️ | AI93: ✔️ | AJ93: ✔️ | AK93: ✔️ | AN93: ✔️ | AS93: ✔️ | AV93: ✔️ | AW93: ✔️ | AY93: ✔️ | AZ93: ✔️ | BA93: ✔️ | BD93: ✔️ | BI93: ✔️ | BL93: ✔️ | BM93: ✔️
B94: Hiker Walter | C94: 6 | D94: =COUNTIF(G94:AAN94,"✅")+COUNTIF(G94:AAN94,"✔️") -> 15 | E94: Solid Workers | F94: Machop Brown | AF94: ✅ | AG94: ✔️ | AH94: ✔️ | AN94: ✔️ | AO94: ✔️ | AP94: ✔️ | AV94: ✔️ | AW94: ✔️ | AX94: ✔️ | BD94: ✔️ | BE94: ✔️ | BF94: ✔️ | BL94: ✔️ | BM94: ✔️ | BN94: ✔️
B95: Light Engineer Chase | C95: 6 | D95: =COUNTIF(G95:AAN95,"✅")+COUNTIF(G95:AAN95,"✔️") -> 10 | E95: Shock and Awe | F95: Electrode Silver | AG95: ✅ | AH95: ✔️ | AO95: ✔️ | AP95: ✔️ | AW95: ✔️ | AX95: ✔️ | BE95: ✔️ | BF95: ✔️ | BM95: ✔️ | BN95: ✔️
B96: Fossil Expert Jonathan | C96: 6 | D96: =COUNTIF(G96:AAN96,"✅")+COUNTIF(G96:AAN96,"✔️") -> 16 | E96: Earth Sea Sky | F96: Aerodactyl Brown | AG96: ✅ | AH96: ✔️ | AI96: ✔️ | AJ96: ✔️ | AO96: ✔️ | AP96: ✔️ | AR96: ✔️ | AW96: ✔️ | AX96: ✔️ | AY96: ✔️ | AZ96: ✔️ | BE96: ✔️ | BF96: ✔️ | BH96: ✔️ | BM96: ✔️ | BN96: ✔️
B97: Shady Character Owen | C97: 6 | D97: =COUNTIF(G97:AAN97,"✅")+COUNTIF(G97:AAN97,"✔️") -> 11 | E97: Thunder Rush | F97: Jolteon Silver | AH97: ✅ | AO97: ✔️ | AP97: ✔️ | AS97: ✔️ | AT97: ✔️ | AX97: ✔️ | BE97: ✔️ | BF97: ✔️ | BI97: ✔️ | BJ97: ✔️ | BN97: ✔️
B98: Shady Character Bernard | C98: 6 | D98: =COUNTIF(G98:AAN98,"✅")+COUNTIF(G98:AAN98,"✔️") -> 11 | E98: Neverending Flames | F98: Charizard Red 2 | AH98: ✅ | AO98: ✔️ | AP98: ✔️ | AS98: ✔️ | AT98: ✔️ | AX98: ✔️ | BE98: ✔️ | BF98: ✔️ | BI98: ✔️ | BJ98: ✔️ | BN98: ✔️
B99: Ghost Whisperer Vera | C99: 6 | D99: =COUNTIF(G99:AAN99,"✅")+COUNTIF(G99:AAN99,"✔️") -> 7 | E99: Terrible Nightmares | F99: Gengar Purple | AH99: ✅ | AL99: ✔️ | AT99: ✔️ | AX99: ✔️ | BB99: ✔️ | BJ99: ✔️ | BN99: ✔️
B100: RIVAL 8 | C100: 4 | D100: =COUNTIF(G100:AAN100,"✅")+COUNTIF(G100:AAN100,"✔️") -> 4 | E100: PRE GYM EON DECK | F100: EEVEE COIN 7 | AI100: ✅ | AJ100: ✔️ | AK100: ✔️ | AL100: ✔️
B101: Card Expert Ruby | C101: 6 | D101: =COUNTIF(G101:AAN101,"✅")+COUNTIF(G101:AAN101,"✔️") -> 8 | E101: Burnt Up | F101: Charmeleon Red | AI101: ✅ | AJ101: ✔️ | AM101: ✔️ | AT101: ✔️ | AY101: ✔️ | AZ101: ✔️ | BC101: ✔️ | BJ101: ✔️
B102: Nature Lover Erin | C102: 6 | D102: =COUNTIF(G102:AAN102,"✅")+COUNTIF(G102:AAN102,"✔️") -> 12 | E102: Forest Guardians | F102: Ivysaur Green | AI102: ✅ | AJ102: ✔️ | AM102: ✔️ | AN102: ✔️ | AO102: ✔️ | AQ102: ✔️ | AY102: ✔️ | AZ102: ✔️ | BC102: ✔️ | BD102: ✔️ | BE102: ✔️ | BG102: ✔️
...

Sheet coins_table
A1: Coin | B1: Granted By
A2: abra silver | B2: =_xlfn.XLOOKUP(A2, opponents_table!F:F, opponents_table!B:B, "", 0)
A3: aerodactyl brown | B3: =_xlfn.XLOOKUP(A3, opponents_table!F:F, opponents_table!B:B, "", 0) -> Fossil Expert Jonathan
A4: aerodactyl silver | B4: =_xlfn.XLOOKUP(A4, opponents_table!F:F, opponents_table!B:B, "", 0)
A5: alakazam purple | B5: =_xlfn.XLOOKUP(A5, opponents_table!F:F, opponents_table!B:B, "", 0) -> Psychic Nova
A6: alakazam purple 2 | B6: =_xlfn.XLOOKUP(A6, opponents_table!F:F, opponents_table!B:B, "", 0)
A7: alakazam silver | B7: =_xlfn.XLOOKUP(A7, opponents_table!F:F, opponents_table!B:B, "", 0)
A8: arbok purple | B8: =_xlfn.XLOOKUP(A8, opponents_table!F:F, opponents_table!B:B, "", 0) -> Rocket Exec Petrel
A9: arcanine gold | B9: =_xlfn.XLOOKUP(A9, opponents_table!F:F, opponents_table!B:B, "", 0)
A10: arcanine red | B10: =_xlfn.XLOOKUP(A10, opponents_table!F:F, opponents_table!B:B, "", 0)
A11: arceus silver | B11: =_xlfn.XLOOKUP(A11, opponents_table!F:F, opponents_table!B:B, "", 0)
A12: articuno blue | B12: =_xlfn.XLOOKUP(A12, opponents_table!F:F, opponents_table!B:B, "", 0)
A13: azumarill blue | B13: =_xlfn.XLOOKUP(A13, opponents_table!F:F, opponents_table!B:B, "", 0)
... A419: zzzz trainerred red | B419: =_xlfn.XLOOKUP(A419, opponents_table!F:F, opponents_table!B:B, "", 0)
