Workbook

Sheet Fish
A1: Location | B1: Time of Day | C1: Species Key | D1: Dex # | E1: Name | F1: Rate (weight) | G1: Appearance % | H1: Big Fish | I1: Fish Size | J1: Water Size | K1: Energy | L1: Line Strength | M1: Rest (s) | N1: Reel Step | O1: Run Dist | P1: Speed | Q1: Uncountered Time to Tire (s) | R1: Countered Time to Tire (s) | S1: rarity | T1: big fish | U1: size | V1: Line strength | W1: rest | X1: reel | Y1: run dis | Z1: speed | AA1: CALCULATION | AB1: FISHCOINS
A2: Celeste Harbour - Saltwater (lighthouse) | B2: Morning | C2: 098_Krabby | D2: 98 | E2: Krabby | F2: 45 | G2: =F2/SUMIFS($F:$F,$A:$A,A2,$B:$B,B2) -> 0.45 | H2: FALSE | I2: 0.7 | J2: =IF(H2,Notes!$B$4,1)*I2 -> 0.7 | K2: 85 | L2: 120 | M2: 2 | N2: 7 | O2: 10 | P2: 80 | Q2: =K2/Notes!$B$5 -> 42.5 | R2: =K2/(Notes!$B$5+Notes!$B$6) -> 7.0833333 | S2: =200/(F2/2) -> 8.8888889 | T2: =IF(H2,200,50) -> 50 | U2: =100-(100*((1-I2)/2))*2 -> 70 | V2: =100+(100-L2)/2 -> 90 | W2: =(100/M2) -> 50 | X2: =200/(N2*N2)*10 -> 40.816327 | Y2: =O2/2 -> 5 | Z2: =P2/4 -> 20 | AA2: =SUM(S2:Z2) -> 334.70522 | AB2: =AA2/10 -> 33.470522
A3: Celeste Harbour - Saltwater (lighthouse) | B3: Morning | C3: 099_Kingler | D3: 99 | E3: Kingler | F3: 15 | G3: =F3/SUMIFS($F:$F,$A:$A,A3,$B:$B,B3) -> 0.15 | H3: TRUE | I3: 0.6 | J3: =IF(H3,Notes!$B$4,1)*I3 -> 1.5333333 | K3: 140 | L3: 85 | M3: 1.5 | N3: 5 | O3: 120 | P3: 110 | Q3: =K3/Notes!$B$5 -> 70 | R3: =K3/(Notes!$B$5+Notes!$B$6) -> 11.666667 | S3: =200/(F3/2) -> 26.666667 | T3: =IF(H3,200,50) -> 200 | U3: =100-(100*((1-I3)/2))*2 -> 60 | V3: =100+(100-L3)/2 -> 107.5 | W3: =(100/M3) -> 66.666667 | X3: =200/(N3*N3)*10 -> 80 | Y3: =O3/2 -> 60 | Z3: =P3/2 -> 55 | AA3: =SUM(S3:Z3) -> 655.83333 | AB3: =AA3/10 -> 65.583333
A4: Celeste Harbour - Saltwater (lighthouse) | B4: Morning | C4: 692_Clauncher | D4: 692 | E4: Clauncher | F4: 35 | G4: =F4/SUMIFS($F:$F,$A:$A,A4,$B:$B,B4) -> 0.35 | H4: FALSE | I4: 0.7 | J4: =IF(H4,Notes!$B$4,1)*I4 -> 0.7 | K4: 80 | L4: 90 | M4: 1.5 | N4: 7 | O4: 0 | P4: 90 | Q4: =K4/Notes!$B$5 -> 40 | R4: =K4/(Notes!$B$5+Notes!$B$6) -> 6.6666667 | S4: =200/(F4/2) -> 11.428571 | T4: =IF(H4,200,50) -> 50 | U4: =100-(100*((1-I4)/2))*2 -> 70 | V4: =100+(100-L4)/2 -> 105 | W4: =(100/M4) -> 66.666667 | X4: =200/(N4*N4)*10 -> 40.816327 | Y4: =O4/2 -> 0 | Z4: =P4/2 -> 45 | AA4: =SUM(S4:Z4) -> 388.91156 | AB4: =AA4/10 -> 38.891156
A5: Celeste Harbour - Saltwater (lighthouse) | B5: Morning | C5: 693_Clawitzer | D5: 693 | E5: Clawitzer | F5: 5 | G5: =F5/SUMIFS($F:$F,$A:$A,A5,$B:$B,B5) -> 0.05 | H5: TRUE | I5: 0.8 | J5: =IF(H5,Notes!$B$4,1)*I5 -> 2.0444444 | K5: 120 | L5: 80 | M5: 2.5 | N5: 7 | O5: 110 | P5: 110 | Q5: =K5/Notes!$B$5 -> 60 | R5: =K5/(Notes!$B$5+Notes!$B$6) -> 10 | S5: =200/(F5/2) -> 80 | T5: =IF(H5,200,50) -> 200 | U5: =100-(100*((1-I5)/2))*2 -> 80 | V5: =100+(100-L5)/2 -> 110 | W5: =(100/M5) -> 40 | X5: =200/(N5*N5)*10 -> 40.816327 | Y5: =O5/2 -> 55 | Z5: =P5/2 -> 55 | AA5: =SUM(S5:Z5) -> 660.81633 | AB5: =AA5/10 -> 66.081633
A6: Celeste Harbour - Saltwater (lighthouse) | B6: Afternoon | C6: 072_Tentacool | D6: 72 | E6: Tentacool | F6: 45 | G6: =F6/SUMIFS($F:$F,$A:$A,A6,$B:$B,B6) -> 0.45 | H6: FALSE | I6: 0.8 | J6: =IF(H6,Notes!$B$4,1)*I6 -> 0.8 | K6: 80 | L6: 150 | M6: 2.5 | N6: 7 | O6: 10 | P6: 80 | Q6: =K6/Notes!$B$5 -> 40 | R6: =K6/(Notes!$B$5+Notes!$B$6) -> 6.6666667 | S6: =200/(F6/2) -> 8.8888889 | T6: =IF(H6,200,50) -> 50 | U6: =100-(100*((1-I6)/2))*2 -> 80 | V6: =100+(100-L6)/2 -> 75 | W6: =(100/M6) -> 40 | X6: =200/(N6*N6)*10 -> 40.816327 | Y6: =O6/2 -> 5 | Z6: =P6/2 -> 40 | AA6: =SUM(S6:Z6) -> 339.70522 | AB6: =AA6/10 -> 33.970522
A7: Celeste Harbour - Saltwater (lighthouse) | B7: Afternoon | C7: 073_Tentacruel | D7: 73 | E7: Tentacruel | F7: 15 | G7: =F7/SUMIFS($F:$F,$A:$A,A7,$B:$B,B7) -> 0.15 | H7: TRUE | I7: 0.7 | J7: =IF(H7,Notes!$B$4,1)*I7 -> 1.7888889 | K7: 110 | L7: 90 | M7: 1.5 | N7: 5 | O7: 100 | P7: 110 | Q7: =K7/Notes!$B$5 -> 55 | R7: =K7/(Notes!$B$5+Notes!$B$6) -> 9.1666667 | S7: =200/(F7/2) -> 26.666667 | T7: =IF(H7,200,50) -> 200 | U7: =100-(100*((1-I7)/2))*2 -> 70 | V7: =100+(100-L7)/2 -> 105 | W7: =(100/M7) -> 66.666667 | X7: =200/(N7*N7)*10 -> 80 | Y7: =O7/2 -> 50 | Z7: =P7/2 -> 55 | AA7: =SUM(S7:Z7) -> 653.33333 | AB7: =AA7/10 -> 65.333333
A8: Celeste Harbour - Saltwater (lighthouse) | B8: Afternoon | C8: 688_Binacle | D8: 688 | E8: Binacle | F8: 35 | G8: =F8/SUMIFS($F:$F,$A:$A,A8,$B:$B,B8) -> 0.35 | H8: FALSE | I8: 0.7 | J8: =IF(H8,Notes!$B$4,1)*I8 -> 0.7 | K8: 90 | L8: 110 | M8: 2 | N8: 7 | O8: 15 | P8: 70 | Q8: =K8/Notes!$B$5 -> 45 | R8: =K8/(Notes!$B$5+Notes!$B$6) -> 7.5 | S8: =200/(F8/2) -> 11.428571 | T8: =IF(H8,200,50) -> 50 | U8: =100-(100*((1-I8)/2))*2 -> 70 | V8: =100+(100-L8)/2 -> 95 | W8: =(100/M8) -> 50 | X8: =200/(N8*N8)*10 -> 40.816327 | Y8: =O8/2 -> 7.5 | Z8: =P8/2 -> 35 | AA8: =SUM(S8:Z8) -> 359.7449 | AB8: =AA8/10 -> 35.97449
A9: Celeste Harbour - Saltwater (lighthouse) | B9: Afternoon | C9: 689_Barbaracle | D9: 689 | E9: Barbaracle | F9: 5 | G9: =F9/SUMIFS($F:$F,$A:$A,A9,$B:$B,B9) -> 0.05 | H9: TRUE | I9: 0.7 | J9: =IF(H9,Notes!$B$4,1)*I9 -> 1.7888889 | K9: 150 | L9: 80 | M9: 2 | N9: 5 | O9: 130 | P9: 100 | Q9: =K9/Notes!$B$5 -> 75 | R9: =K9/(Notes!$B$5+Notes!$B$6) -> 12.5 | S9: =200/(F9/2) -> 80 | T9: =IF(H9,200,50) -> 200 | U9: =100-(100*((1-I9)/2))*2 -> 70 | V9: =100+(100-L9)/2 -> 110 | W9: =(100/M9) -> 50 | X9: =200/(N9*N9)*10 -> 80 | Y9: =O9/2 -> 65 | Z9: =P9/2 -> 50 | AA9: =SUM(S9:Z9) -> 705 | AB9: =AA9/10 -> 70.5
A10: Celeste Harbour - Saltwater (lighthouse) | B10: Evening | C10: 211_Qwilfish | D10: 211 | E10: Qwilfish | F10: 30 | G10: =F10/SUMIFS($F:$F,$A:$A,A10,$B:$B,B10) -> 0.3 | H10: FALSE | I10: 0.6 | J10: =IF(H10,Notes!$B$4,1)*I10 -> 0.6 | K10: 90 | L10: 110 | M10: 2 | N10: 7 | O10: 75 | P10: 60 | Q10: =K10/Notes!$B$5 -> 45 | R10: =K10/(Notes!$B$5+Notes!$B$6) -> 7.5 | S10: =200/(F10/2) -> 13.333333 | T10: =IF(H10,200,50) -> 50 | U10: =100-(100*((1-I10)/2))*2 -> 60 | V10: =100+(100-L10)/2 -> 95 | W10: =(100/M10) -> 50 | X10: =200/(N10*N10)*10 -> 40.816327 | Y10: =O10/2 -> 37.5 | Z10: =P10/2 -> 30 | AA10: =SUM(S10:Z10) -> 376.64966 | AB10: =AA10/10 -> 37.664966
A11: Celeste Harbour - Saltwater (lighthouse) | B11: Evening | C11: 116_Horsea | D11: 116 | E11: Horsea | F11: 45 | G11: =F11/SUMIFS($F:$F,$A:$A,A11,$B:$B,B11) -> 0.45 | H11: FALSE | I11: 0.8 | J11: =IF(H11,Notes!$B$4,1)*I11 -> 0.8 | K11: 90 | L11: 120 | M11: 2.5 | N11: 7 | O11: 10 | P11: 100 | Q11: =K11/Notes!$B$5 -> 45 | R11: =K11/(Notes!$B$5+Notes!$B$6) -> 7.5 | S11: =200/(F11/2) -> 8.8888889 | T11: =IF(H11,200,50) -> 50 | U11: =100-(100*((1-I11)/2))*2 -> 80 | V11: =100+(100-L11)/2 -> 90 | W11: =(100/M11) -> 40 | X11: =200/(N11*N11)*10 -> 40.816327 | Y11: =O11/2 -> 5 | Z11: =P11/2 -> 50 | AA11: =SUM(S11:Z11) -> 364.70522 | AB11: =AA11/10 -> 36.470522
A12: Celeste Harbour - Saltwater (lighthouse) | B12: Evening | C12: 117_Seadra | D12: 117 | E12: Seadra | F12: 20 | G12: =F12/SUMIFS($F:$F,$A:$A,A12,$B:$B,B12) -> 0.2 | H12: TRUE | I12: 0.7 | J12: =IF(H12,Notes!$B$4,1)*I12 -> 1.7888889 | K12: 120 | L12: 100 | M12: 1.8 | N12: 6 | O12: 100 | P12: 160 | Q12: =K12/Notes!$B$5 -> 60 | R12: =K12/(Notes!$B$5+Notes!$B$6) -> 10 | S12: =200/(F12/2) -> 20 | T12: =IF(H12,200,50) -> 200 | U12: =100-(100*((1-I12)/2))*2 -> 70 | V12: =100+(100-L12)/2 -> 100 | W12: =(100/M12) -> 55.555556 | X12: =200/(N12*N12)*10 -> 55.555556 | Y12: =O12/2 -> 50 | Z12: =P12/2 -> 80 | AA12: =SUM(S12:Z12) -> 631.11111 | AB12: =AA12/10 -> 63.111111
A13: Celeste Harbour - Saltwater (lighthouse) | B13: Evening | C13: 230_Kingdra | D13: 230 | E13: Kingdra | F13: 5 | G13: =F13/SUMIFS($F:$F,$A:$A,A13,$B:$B,B13) -> 0.05 | H13: TRUE | I13: 0.8 | J13: =IF(H13,Notes!$B$4,1)*I13 -> 2.0444444 | K13: 150 | L13: 80 | M13: 1.5 | N13: 5 | O13: 150 | P13: 200 | Q13: =K13/Notes!$B$5 -> 75 | R13: =K13/(Notes!$B$5+Notes!$B$6) -> 12.5 | S13: =200/(F13/2) -> 80 | T13: =IF(H13,200,50) -> 200 | U13: =100-(100*((1-I13)/2))*2 -> 80 | V13: =100+(100-L13)/2 -> 110 | W13: =(100/M13) -> 66.666667 | X13: =200/(N13*N13)*10 -> 80 | Y13: =O13/2 -> 75 | Z13: =P13/2 -> 100 | AA13: =SUM(S13:Z13) -> 791.66667 | AB13: =AA13/10 -> 79.166667
A14: Celeste Harbour - Saltwater (lighthouse) | B14: Night | C14: 170_Chinchou | D14: 170 | E14: Chinchou | F14: 42 | G14: =F14/SUMIFS($F:$F,$A:$A,A14,$B:$B,B14) -> 0.42 | H14: FALSE | I14: 0.7 | J14: =IF(H14,Notes!$B$4,1)*I14 -> 0.7 | K14: 80 | L14: 140 | M14: 2.5 | N14: 7 | O14: 10 | P14: 60 | Q14: =K14/Notes!$B$5 -> 40 | R14: =K14/(Notes!$B$5+Notes!$B$6) -> 6.6666667 | S14: =200/(F14/2) -> 9.5238095 | T14: =IF(H14,200,50) -> 50 | U14: =100-(100*((1-I14)/2))*2 -> 70 | V14: =100+(100-L14)/2 -> 80 | W14: =(100/M14) -> 40 | X14: =200/(N14*N14)*10 -> 40.816327 | Y14: =O14/2 -> 5 | Z14: =P14/2 -> 30 | AA14: =SUM(S14:Z14) -> 325.34014 | AB14: =AA14/10 -> 32.534014
... A78: Deep Ocean | B78: Night | C78: 781_Dhelmise | D78: 781 | E78: Dhelmise | F78: 12 | G78: =F78/SUMIFS($F:$F,$A:$A,A78,$B:$B,B78) -> 0.12 | H78: TRUE | I78: 1 | J78: =IF(H78,Notes!$B$4,1)*I78 -> 2.5555556 | K78: 220 | L78: 85 | M78: 3 | N78: 4 | O78: 110 | P78: 60 | Q78: =K78/Notes!$B$5 -> 110 | R78: =K78/(Notes!$B$5+Notes!$B$6) -> 18.333333 | S78: =200/(F78/2) -> 33.333333 | T78: =IF(H78,200,50) -> 200 | U78: =100-(100*((1-I78)/2))*2 -> 100 | V78: =100+(100-L78)/2 -> 107.5 | W78: =(100/M78) -> 33.333333 | X78: =200/(N78*N78)*10 -> 125 | Y78: =O78/2 -> 55 | Z78: =P78/2 -> 30 | AA78: =SUM(S78:Z78) -> 684.16667 | AB78: =AA78/10 -> 68.416667

Sheet Notes
A1: Constant | B1: Value | C1: Meaning / source
A2: Exported | B2: 2026-10-05 | C2: Snapshot of NPC_and_Opponent_Data/Pokemon/Spawns/*.json fishing_spot tables + Overworld_Pokemon.json species stats. Re-export after editing the game data.
A4: Big silhouette length ratio | B4: 2.5555556 | C4: FishingArt big fish rect height 46 px / small 18 px. Water Size = Fish Size x this when Big Fish is TRUE.
A5: Passive energy drain /s | B5: 2 | C5: ENERGY_BLEED in Fishing_Minigame.gd - lost every second whatever the player does.
A6: Correct-input drain /s | B6: 10 | C6: ENERGY_DRAIN in Fishing_Minigame.gd - extra loss per second while countering correctly.
A7: Max energy lost per rest | B7: 0.1 | C7: ENERGY_MAX_LOSS_PER_REST - each rest the bar refills 10% smaller (compounding). Time-to-tire columns are the FIRST bar only.
A9: Column | C9: Meaning
A10: Rate (weight) | C10: Table weight; weights are relative within one location + time slot.
A11: Appearance % | C11: Rate / sum of rates for that location and time slot = chance per bite.
A12: Energy | C12: Stamina bar. Higher = longer fight.
A13: Line Strength | C13: Tension needed to snap (red) or drop (blue) the line. Higher = more forgiving.
A14: Rest (s) | C14: Seconds the fish stays blown = reel-in window.
A15: Reel Step | C15: World px hauled in per reel press while resting. Higher = easier.
A16: Run Dist | C16: World px it runs past the bobber on the strike (pool max ~155 salt, 70 fresh, 85 Verdant, 125 deep).
A17: Speed | C17: World px/s of its side-to-side run.
A18: Blue values | C18: Raw game data (inputs). Black = formulas.
